INSERT INTO plan (plan_Id, plan_Name,coverage_Type,estimated_Premium,annual_deductible_indv,annual_deductible_fam) VALUES ('P001', 'Bronze 6000/40%/HAS','Family',962,6000,12000);
INSERT INTO plan (plan_Id, plan_Name,coverage_Type,estimated_Premium,annual_deductible_indv,annual_deductible_fam) VALUES ('P002', 'Bronze 5000/50','Family',1017,5000,10000);
INSERT INTO plan (plan_Id, plan_Name,coverage_Type,estimated_Premium,annual_deductible_indv,annual_deductible_fam) VALUES ('P003', 'Bronze 6000/40%/HAS','Family',1045.67,4000,8000);
INSERT INTO category(category_Id,category,sub_category) VALUES (1,'Preventive Care','ROUTINE PHYSICAL EXAM, MAMMOGRAMS, ETC.');
INSERT INTO category(category_Id,category,sub_category) VALUES (2,'Outpatient Services','PRIMARY CARE OFFICE VISIT');
INSERT INTO category(category_Id,category,sub_category) VALUES (3,'Outpatient Services','SPECIALTY CARE OFFICE VISIT');
INSERT INTO category(category_Id,category,sub_category) VALUES (4,'Outpatient Services','X-RAYS');
INSERT INTO category(category_Id,category,sub_category) VALUES (5,'Outpatient Services','LAB TESTS');
INSERT INTO category(category_Id,category,sub_category) VALUES (6,'Outpatient Services','MRI, CT, PET');
INSERT INTO category(category_Id,category,sub_category) VALUES (7,'Outpatient Services','OUTPATIENT SERVICES');
INSERT INTO category(category_Id,category,sub_category) VALUES (8,'Outpatient Services','MENTAL HEALTH VISIT');
INSERT INTO category(category_Id,category,sub_category) VALUES (9,'Inpatient Hospital Care','ROOM AND BOARD, SURGERY, ANESTHESIA, X-RAYS, LAB TESTS, MEDICATIONS, MENTAL HEALTH CARE.');
INSERT INTO category(category_Id,category,sub_category) VALUES (10,'Maternity','ROUTINE PRENATAL CARE VISIT, FIRST POSTPARTUM VISIT');
INSERT INTO category(category_Id,category,sub_category) VALUES (11,'Maternity','DELIVERY AND INPATIENT WELL-BABY CARE');
INSERT INTO category(category_Id,category,sub_category) VALUES (12,'Emergency And Urgent Care','EMERGENCY DEPARTMENT VISIT');
INSERT INTO category(category_Id,category,sub_category) VALUES (13,'Emergency And Urgent Care','URGENT CARE VISIT');
INSERT INTO category(category_Id,category,sub_category) VALUES (14,'Emergency And Urgent Care','AMBULANCE SERVICES');
INSERT INTO category(category_Id,category,sub_category) VALUES (15,'Prescription Drugs','GENERIC');
INSERT INTO category(category_Id,category,sub_category) VALUES (16,'Prescription Drugs','PREFERRED BRAND');
INSERT INTO category(category_Id,category,sub_category) VALUES (17,'Prescription Drugs','NON-PREFERRED BRAND');
INSERT INTO category(category_Id,category,sub_category) VALUES (18,'Prescription Drugs','SPECIALTY');
INSERT INTO plan_category(plan_category_Id,plan_id,category_Id,deductible_pct) VALUES (1,'P001',1,0);
INSERT INTO plan_category(plan_category_Id,plan_id,category_Id,deductible_pct) VALUES (2,'P001',2,40);
INSERT INTO plan_category(plan_category_Id,plan_id,category_Id,deductible_pct) VALUES (3,'P001',3,70);
INSERT INTO plan_category(plan_category_Id,plan_id,category_Id,deductible_pct) VALUES (4,'P001',4,40);
INSERT INTO plan_category(plan_category_Id,plan_id,category_Id,deductible_pct) VALUES (5,'P001',5,80);
INSERT INTO plan_category(plan_category_Id,plan_id,category_Id,deductible_pct) VALUES (6,'P001',6,40);
INSERT INTO plan_category(plan_category_Id,plan_id,category_Id,deductible_pct) VALUES (7,'P001',7,40);
INSERT INTO plan_category(plan_category_Id,plan_id,category_Id,deductible_pct) VALUES (8,'P001',8,60);
INSERT INTO plan_category(plan_category_Id,plan_id,category_Id,deductible_pct) VALUES (9,'P001',9,40);
INSERT INTO plan_category(plan_category_Id,plan_id,category_Id,deductible_pct) VALUES (10,'P001',10,40);
INSERT INTO plan_category(plan_category_Id,plan_id,category_Id,deductible_pct) VALUES (11,'P001',11,40);
INSERT INTO plan_category(plan_category_Id,plan_id,category_Id,deductible_pct) VALUES (12,'P001',12,40);
INSERT INTO plan_category(plan_category_Id,plan_id,category_Id,deductible_pct) VALUES (13,'P001',13,40);
INSERT INTO plan_category(plan_category_Id,plan_id,category_Id,deductible_pct) VALUES (14,'P001',14,40);
INSERT INTO plan_category(plan_category_Id,plan_id,category_Id,deductible_pct) VALUES (15,'P001',15,60);
INSERT INTO plan_category(plan_category_Id,plan_id,category_Id,deductible_pct) VALUES (16,'P001',16,50);
INSERT INTO plan_category(plan_category_Id,plan_id,category_Id,deductible_pct) VALUES (17,'P001',17,40);
INSERT INTO plan_category(plan_category_Id,plan_id,category_Id,deductible_pct) VALUES (18,'P001',18,40);
INSERT INTO plan_category(plan_category_Id,plan_id,category_Id,deductible_pct) VALUES (19,'P002',1,0);
INSERT INTO plan_category(plan_category_Id,plan_id,category_Id,deductible_pct) VALUES (20,'P002',2,50);
INSERT INTO plan_category(plan_category_Id,plan_id,category_Id,deductible_pct) VALUES (21,'P002',3,80);
INSERT INTO plan_category(plan_category_Id,plan_id,category_Id,deductible_pct) VALUES (22,'P002',4,50);
INSERT INTO plan_category(plan_category_Id,plan_id,category_Id,deductible_pct) VALUES (23,'P002',5,90);
INSERT INTO plan_category(plan_category_Id,plan_id,category_Id,deductible_pct) VALUES (24,'P002',6,50);
INSERT INTO plan_category(plan_category_Id,plan_id,category_Id,deductible_pct) VALUES (25,'P002',7,50);
INSERT INTO plan_category(plan_category_Id,plan_id,category_Id,deductible_pct) VALUES (26,'P002',8,70);
INSERT INTO plan_category(plan_category_Id,plan_id,category_Id,deductible_pct) VALUES (27,'P002',9,50);
INSERT INTO plan_category(plan_category_Id,plan_id,category_Id,deductible_pct) VALUES (28,'P002',10,40);
INSERT INTO plan_category(plan_category_Id,plan_id,category_Id,deductible_pct) VALUES (29,'P002',11,40);
INSERT INTO plan_category(plan_category_Id,plan_id,category_Id,deductible_pct) VALUES (30,'P002',12,70);
INSERT INTO plan_category(plan_category_Id,plan_id,category_Id,deductible_pct) VALUES (31,'P002',13,80);
INSERT INTO plan_category(plan_category_Id,plan_id,category_Id,deductible_pct) VALUES (32,'P002',14,40);
INSERT INTO plan_category(plan_category_Id,plan_id,category_Id,deductible_pct) VALUES (33,'P002',15,70);
INSERT INTO plan_category(plan_category_Id,plan_id,category_Id,deductible_pct) VALUES (34,'P002',16,60);
INSERT INTO plan_category(plan_category_Id,plan_id,category_Id,deductible_pct) VALUES (35,'P002',17,50);
INSERT INTO plan_category(plan_category_Id,plan_id,category_Id,deductible_pct) VALUES (36,'P002',18,50);
INSERT INTO plan_category(plan_category_Id,plan_id,category_Id,deductible_pct) VALUES (37,'P003',1,0);
INSERT INTO plan_category(plan_category_Id,plan_id,category_Id,deductible_pct) VALUES (38,'P003',2,60);
INSERT INTO plan_category(plan_category_Id,plan_id,category_Id,deductible_pct) VALUES (39,'P003',3,90);
INSERT INTO plan_category(plan_category_Id,plan_id,category_Id,deductible_pct) VALUES (40,'P003',4,60);
INSERT INTO plan_category(plan_category_Id,plan_id,category_Id,deductible_pct) VALUES (41,'P003',5,100);
INSERT INTO plan_category(plan_category_Id,plan_id,category_Id,deductible_pct) VALUES (42,'P003',6,60);
INSERT INTO plan_category(plan_category_Id,plan_id,category_Id,deductible_pct) VALUES (43,'P003',7,60);
INSERT INTO plan_category(plan_category_Id,plan_id,category_Id,deductible_pct) VALUES (44,'P003',8,80);
INSERT INTO plan_category(plan_category_Id,plan_id,category_Id,deductible_pct) VALUES (45,'P003',9,60);
INSERT INTO plan_category(plan_category_Id,plan_id,category_Id,deductible_pct) VALUES (46,'P003',10,30);
INSERT INTO plan_category(plan_category_Id,plan_id,category_Id,deductible_pct) VALUES (47,'P003',11,30);
INSERT INTO plan_category(plan_category_Id,plan_id,category_Id,deductible_pct) VALUES (48,'P003',12,60);
INSERT INTO plan_category(plan_category_Id,plan_id,category_Id,deductible_pct) VALUES (49,'P003',13,30);
INSERT INTO plan_category(plan_category_Id,plan_id,category_Id,deductible_pct) VALUES (50,'P003',14,30);
INSERT INTO plan_category(plan_category_Id,plan_id,category_Id,deductible_pct) VALUES (51,'P003',15,80);
INSERT INTO plan_category(plan_category_Id,plan_id,category_Id,deductible_pct) VALUES (52,'P003',16,70);
INSERT INTO plan_category(plan_category_Id,plan_id,category_Id,deductible_pct) VALUES (53,'P003',17,60);
INSERT INTO plan_category(plan_category_Id,plan_id,category_Id,deductible_pct) VALUES (54,'P003',18,60);
INSERT INTO policy(policy_id,policy_holder_id,first_name,last_name,plan_id,coverage_start_date,coverage_end_date,indv_accumulated_ded,family_accumulated_ded) VALUES ('POLICY1',1,'Sam ','Collins','P001','2022-01-01','2022-12-31',0.00,0.00);
INSERT INTO policy(policy_id,policy_holder_id,first_name,last_name,plan_id,coverage_start_date,coverage_end_date,indv_accumulated_ded,family_accumulated_ded) VALUES ('POLICY1',2,'Jina ','Collins','P001','2022-01-01','2022-12-31',0.00,0.00);
INSERT INTO policy(policy_id,policy_holder_id,first_name,last_name,plan_id,coverage_start_date,coverage_end_date,indv_accumulated_ded,family_accumulated_ded) VALUES ('POLICY1',3,'Nancy ','Collins','P001','2022-01-01','2022-12-31',0.00,0.00);
INSERT INTO policy(policy_id,policy_holder_id,first_name,last_name,plan_id,coverage_start_date,coverage_end_date,indv_accumulated_ded,family_accumulated_ded) VALUES ('POLICY1',4,'Jack ','Collins','P001','2022-01-01','2022-12-31',0.00,0.00);
INSERT INTO policy(policy_id,policy_holder_id,first_name,last_name,plan_id,coverage_start_date,coverage_end_date,indv_accumulated_ded,family_accumulated_ded) VALUES ('POLICY2',5,'Daniel ','Hayer','P002','2022-02-01','2022-12-31',0.00,0.00);
INSERT INTO policy(policy_id,policy_holder_id,first_name,last_name,plan_id,coverage_start_date,coverage_end_date,indv_accumulated_ded,family_accumulated_ded) VALUES ('POLICY3',6,'Sally ','Adams','P001','2022-03-01','2022-12-31',0.00,0.00);
INSERT INTO policy(policy_id,policy_holder_id,first_name,last_name,plan_id,coverage_start_date,coverage_end_date,indv_accumulated_ded,family_accumulated_ded) VALUES ('POLICY4',7,'Jacke ','Seegers','P003','2022-04-01','2022-12-31',0.00,0.00);
INSERT INTO policy(policy_id,policy_holder_id,first_name,last_name,plan_id,coverage_start_date,coverage_end_date,indv_accumulated_ded,family_accumulated_ded) VALUES ('POLICY5',8,'Tom ','Haskel','P001','2022-05-01','2022-12-31',0.00,0.00);
INSERT INTO policy(policy_id,policy_holder_id,first_name,last_name,plan_id,coverage_start_date,coverage_end_date,indv_accumulated_ded,family_accumulated_ded) VALUES ('POLICY6',9,'San ','Mildred','P001','2022-06-01','2022-12-31',0.00,0.00);
INSERT INTO policy(policy_id,policy_holder_id,first_name,last_name,plan_id,coverage_start_date,coverage_end_date,indv_accumulated_ded,family_accumulated_ded) VALUES ('POLICY7',10,'Mack ','Lee','P003','2022-07-01','2022-12-31',0.00,0.00);
